{"train_accuracy":0.8986481481481482,"best_val_accuracy":0.8885,"_runtime":303,"_timestamp":1.7721267725262449e+09,"val_loss":0.3047285029364484,"test_accuracy":0.8773,"_wandb":{"runtime":303},"_step":14,"epoch":15,"train_loss":0.2757407003864103,"val_accuracy":0.8885}