{"neuron_4_grad_norm":0.0009117577901105,"neuron_1_grad_norm":5.771887490431905e-05,"epoch":5,"_runtime":15,"neuron_2_grad_norm":0.0002986537580947982,"_step":4224,"iteration":4220,"val_accuracy":0.5945,"_wandb":{"runtime":15},"neuron_3_grad_norm":0.0015464727987546483,"overall_grad_norm":0.027278010794942714,"neuron_0_grad_norm":0.0029778947799690768,"_timestamp":1.7721695234929035e+09,"loss":1.628483983093897}