{"val_loss":0.015937612256983244,"train_loss":0.014229197770289324,"_runtime":393,"train_accuracy":0.9039074074074074,"test_accuracy":0,"_wandb":{"runtime":393},"val_accuracy":0.8905,"epoch":15,"_timestamp":1.7721064485302975e+09,"_step":14,"best_val_accuracy":0.8913333333333333}