{"val_accuracy":0.8741666666666666,"_runtime":341,"best_val_accuracy":0.8743333333333333,"_step":14,"train_loss":0.3506139946289644,"_timestamp":1.7721068097613983e+09,"train_accuracy":0.8730925925925926,"val_loss":0.3467430969364888,"test_accuracy":0,"_wandb":{"runtime":341},"epoch":15}