{"_wandb":{"runtime":75},"epoch":15,"train_loss":2.3029134751674554,"val_loss":2.3028149084462552,"train_accuracy":0.09944444444444445,"val_accuracy":0.1,"_timestamp":1.772106092743972e+09,"_runtime":75,"_step":14}