{"_step":19,"test_f1":0.7709133622409522,"_timestamp":1.772104278713226e+09,"epoch":20,"val_accuracy":0.7918333333333333,"train_loss":0.6607840657399608,"_runtime":84,"test_accuracy":0.7775,"_wandb":{"runtime":84},"train_accuracy":0.7787962962962963}