{"mean_activation_layer_1":0.7266517156987065,"_step":14,"dead_neurons_layer_1":0,"_runtime":41,"mean_activation_layer_2":0.9334870087424045,"epoch":15,"frac_zero_layer_2":0.3563232421875,"_wandb":{"runtime":41},"std_activation_layer_3":1.4581890184892834,"std_activation_layer_1":0.9519051997296616,"dead_neurons_layer_2":7,"_timestamp":1.7721039021802335e+09,"val_accuracy":0.8343333333333334,"dead_neurons_layer_3":18,"frac_zero_layer_1":0.319061279296875,"std_activation_layer_2":1.228751972899366,"train_loss":0.4842788470269886,"mean_activation_layer_3":1.1403253971127798,"train_accuracy":0.8334074074074074,"frac_zero_layer_3":0.3709716796875}