{"val_loss":0.01718152295426002,"val_accuracy":0.88,"_runtime":349,"_step":14,"train_accuracy":0.8842962962962962,"test_accuracy":0.102,"train_loss":0.016938359644090125,"epoch":15,"_timestamp":1.772126613755695e+09,"best_val_accuracy":0.8821666666666667,"_wandb":{"runtime":349}}