{"train_accuracy":0.9205925925925926,"_runtime":80,"_wandb":{"runtime":80},"epoch":15,"grad_norm_layer_5":0.00766455420891362,"grad_norm_layer_4":0.0076951825898795186,"_timestamp":1.7721037717493753e+09,"_step":14,"val_accuracy":0.8983333333333333,"grad_norm_layer_1":0.02991533279850616,"train_loss":0.2106480950250429,"grad_norm_layer_2":0.01429390755797791,"grad_norm_first_layer":0.02991533279850616,"grad_norm_layer_3":0.00978327576852173}