{"_wandb":{"runtime":448},"_runtime":448,"_timestamp":1.7721080139747446e+09,"train_accuracy":0.9158703703703703,"_step":14,"epoch":15,"val_accuracy":0.8863333333333333,"train_loss":0.2323719530059863,"val_loss":0.32364510360657595}