{"val_accuracy":0.22133333333333333,"dead_neurons_layer_2":3,"frac_zero_layer_1":0.487457275390625,"train_accuracy":0.21216666666666667,"mean_activation_layer_1":0.22766040673976262,"train_loss":2.1770322690545507,"_wandb":{"runtime":44},"mean_activation_layer_2":0.14357039852398676,"dead_neurons_layer_1":0,"_step":14,"epoch":15,"std_activation_layer_1":0.3434582838164379,"_runtime":44,"std_activation_layer_2":0.2514366599618147,"dead_neurons_layer_3":5,"_timestamp":1.7721039508645473e+09,"frac_zero_layer_3":0.499755859375,"std_activation_layer_3":0.1766750714468509,"frac_zero_layer_2":0.553497314453125,"mean_activation_layer_3":0.11162033608591489}