{"epoch":15,"_runtime":87,"grad_norm_layer_3":0.002077564996884838,"grad_norm_layer_5":0.002019524394268753,"grad_norm_first_layer":0.013238929465674548,"grad_norm_layer_4":0.0018105935934335734,"_wandb":{"runtime":87},"_step":14,"train_loss":0.2584911555277165,"_timestamp":1.772103687315356e+09,"train_accuracy":0.9057592592592593,"val_accuracy":0.887,"grad_norm_layer_2":0.0065688844086989415,"grad_norm_layer_1":0.013238929465674548}