{"_wandb":{"runtime":103},"test_accuracy":0.0006,"_timestamp":1.7721059975778735e+09,"epoch":15,"val_loss":2.302596050907923,"_runtime":103,"val_accuracy":0.1,"train_loss":2.302715280406776,"_step":14,"train_accuracy":0.09716666666666667,"best_val_accuracy":0.157}