{"_wandb":{"runtime":14},"val_accuracy":0.5968333333333333,"neuron_0_grad_norm":0.0054062595704670955,"epoch":5,"_runtime":14,"neuron_1_grad_norm":0.004931893430432839,"_step":4224,"neuron_3_grad_norm":0.003381230689600672,"_timestamp":1.7721028924120893e+09,"iteration":4220,"overall_grad_norm":0.03336505910564266,"neuron_4_grad_norm":0.0015682483127908884,"neuron_2_grad_norm":0.002563452204017457,"loss":1.547374176933605}