{"_timestamp":1.7721030807874408e+09,"train_loss":0.24081200510692344,"_wandb":{"runtime":38},"_step":9,"val_loss":0.29779420369013243,"epoch":10,"val_accuracy":0.8925,"train_accuracy":0.9089814814814815,"_runtime":38}