{"_timestamp":1.772108002413339e+09,"train_loss":0.2547263105410894,"_runtime":433,"val_loss":0.3089224486054314,"test_accuracy":0.8774,"train_accuracy":0.9070185185185186,"_wandb":{"runtime":433},"_step":14,"val_accuracy":0.8911666666666667,"best_val_accuracy":0.8911666666666667,"epoch":15}