{"_runtime":44,"_timestamp":1.7721040556907325e+09,"val_accuracy":0.485,"train_accuracy":0.4797962962962963,"dead_neurons_layer_1":2,"frac_zero_layer_1":0.479583740234375,"std_activation_layer_3":0.3184133890532839,"std_activation_layer_2":0.3420775280238985,"std_activation_layer_1":0.4209448721644501,"mean_activation_layer_1":0.009419766794785815,"frac_zero_layer_3":0.49993896484375,"_wandb":{"runtime":44},"mean_activation_layer_2":-0.005102522130366827,"mean_activation_layer_3":0.0031315197111411288,"_step":14,"epoch":15,"dead_neurons_layer_3":0,"frac_zero_layer_2":0.505645751953125,"dead_neurons_layer_2":0,"train_loss":1.8438958670699412}