{"_step":14,"val_accuracy":0.1,"test_accuracy":0.1894,"_runtime":61,"best_val_accuracy":0.1,"train_accuracy":0.09737037037037037,"val_loss":2.302590514303441,"_wandb":{"runtime":61},"epoch":15,"_timestamp":1.7721054116806161e+09,"train_loss":2.30272692908414}