{"_timestamp":1.7721277424914267e+09,"train_accuracy":0.9197592592592593,"val_loss":0.014768316235486608,"test_accuracy":0.884,"train_loss":0.011914164509602705,"best_val_accuracy":0.9023333333333333,"_wandb":{"runtime":86},"_step":14,"epoch":15,"_runtime":86,"val_accuracy":0.9005}