{"train_accuracy":0.08542592592592592,"best_val_accuracy":0.10533333333333333,"_timestamp":1.772105507085491e+09,"epoch":15,"val_loss":0.08999998443853495,"val_accuracy":0.10166666666666667,"_runtime":92,"test_accuracy":0.3423,"_wandb":{"runtime":92},"_step":14,"train_loss":0.0899999856105672}