{"test_accuracy":0.8852,"val_accuracy":0.9011666666666667,"train_loss":0.01156966979674319,"val_loss":0.014832285477129158,"_wandb":{"runtime":457},"_step":14,"epoch":15,"_timestamp":1.7721097955640128e+09,"train_accuracy":0.9230925925925926,"_runtime":457,"best_val_accuracy":0.9011666666666667}