{"_timestamp":1.772102975520625e+09,"_step":9,"_runtime":26,"val_accuracy":0.6401666666666667,"epoch":10,"train_accuracy":0.6373888888888889,"_wandb":{"runtime":26},"val_loss":1.3126358196632937,"train_loss":1.3497470015734925}