{"val_accuracy":0.871,"_timestamp":1.7721066174614358e+09,"train_loss":0.015447820515515586,"train_accuracy":0.8954814814814814,"val_loss":0.01871032561763573,"_wandb":{"runtime":503},"_step":14,"epoch":15,"_runtime":503}