{"val_accuracy":0.8411666666666666,"_step":14,"_runtime":382,"val_loss":0.45853685276473904,"_timestamp":1.7721058074623547e+09,"test_accuracy":0.4317,"_wandb":{"runtime":382},"best_val_accuracy":0.8748333333333334,"epoch":15,"train_loss":0.3074146253223288,"train_accuracy":0.8915185185185185}