{"epoch":15,"val_accuracy":0.8403333333333334,"train_loss":0.47314082463999524,"std_activation_layer_3":0.4927691066387073,"std_activation_layer_1":0.4799056290465808,"_runtime":53,"frac_zero_layer_3":0.495208740234375,"train_accuracy":0.8332407407407407,"_wandb":{"runtime":53},"frac_zero_layer_2":0.48651123046875,"mean_activation_layer_2":0.01752177864429904,"dead_neurons_layer_2":0,"_step":14,"std_activation_layer_2":0.45224422409570714,"_timestamp":1.7721040081485293e+09,"frac_zero_layer_1":0.491424560546875,"mean_activation_layer_1":-0.0005378696383501048,"dead_neurons_layer_3":0,"dead_neurons_layer_1":4,"mean_activation_layer_3":-0.003684553103509856}