{"_timestamp":1.7721256461468623e+09,"train_loss":0.012289615680194823,"val_accuracy":0.8968333333333334,"_wandb":{"runtime":324},"_runtime":324,"test_accuracy":0.0224,"epoch":15,"train_accuracy":0.9185740740740741,"best_val_accuracy":0.8981666666666667,"_step":14,"val_loss":0.014817779758116677}