{"best_val_accuracy":0.895,"_wandb":{"runtime":141},"_runtime":141,"val_accuracy":0.893,"epoch":15,"test_accuracy":0.8787,"val_loss":0.015163935742397827,"_timestamp":1.7721278963235998e+09,"train_loss":0.012605984262420834,"_step":14,"train_accuracy":0.9148888888888889}