{"_runtime":94,"val_accuracy":0.8763333333333333,"_wandb":{"runtime":94},"train_loss":0.31056520237684426,"train_accuracy":0.8892962962962963,"_timestamp":1.7721058318628218e+09,"_step":14,"epoch":15,"val_loss":0.34791629837032684}