{"train_loss":0.014248775026286447,"test_accuracy":0.8775,"train_accuracy":0.9052037037037037,"best_val_accuracy":0.8911666666666667,"_wandb":{"runtime":5649},"_step":14,"_timestamp":1.772122626259267e+09,"_runtime":5649,"val_loss":0.015888648721160768,"val_accuracy":0.8871666666666667,"epoch":15}