{"train_loss":0.01177372538721139,"val_accuracy":0.8988333333333334,"_timestamp":1.7721090625094762e+09,"train_accuracy":0.9217962962962963,"val_loss":0.014885072868251333,"_step":14,"best_val_accuracy":0.9015,"epoch":15,"_runtime":501,"_wandb":{"runtime":501},"test_accuracy":0}