{"_wandb":{"runtime":1015},"val_loss":0.014951281962644922,"_timestamp":1.7721154549431283e+09,"epoch":15,"val_accuracy":0.8958333333333334,"train_loss":0.012053086998690888,"_runtime":1015,"train_accuracy":0.9198888888888889,"_step":14,"best_val_accuracy":0.8995,"test_accuracy":0.0011}