{"val_loss":0.3482146407174414,"_wandb":{"runtime":461},"val_accuracy":0.8781666666666667,"train_loss":0.2817371510489698,"_step":14,"epoch":15,"train_accuracy":0.8994814814814814,"_runtime":461,"_timestamp":1.7721093196210225e+09}